survived,pclass,sex,age,sibsp,parch,fare,cabin,embarked
1,1,1,29,0,0,211.3375,36,3
0,1,1,2,1,2,151.55,63,3
0,1,2,30,1,2,151.55,63,3
0,1,1,25,1,2,151.55,63,3
1,1,2,48,0,0,26.55,120,3
1,1,1,63,1,0,77.9583,118,3
0,1,2,39,0,0,0,13,3
1,1,1,53,2,0,51.4792,52,3
0,1,2,47,1,0,227.525,77,1
1,1,1,18,1,0,227.525,77,1
1,1,1,24,0,0,69.3,28,1
1,1,1,26,0,0,78.85,150,3
1,1,2,80,0,0,30,8,3
0,1,2,24,0,1,247.5208,40,1
1,1,1,50,0,1,247.5208,40,1
1,1,1,32,0,0,76.2917,99,1
0,1,2,36,0,0,75.2417,76,1
1,1,2,37,1,1,52.5542,109,3
1,1,2,26,0,0,30,62,1
1,1,1,42,0,0,227.525,150,1
1,1,1,29,0,0,221.7792,94,3
1,1,2,25,1,0,91.0792,35,1
1,1,1,35,0,0,135.6333,95,3
1,1,2,28,0,0,26.55,73,3
0,1,2,45,0,0,35.5,149,3
1,1,1,58,0,0,26.55,53,3
0,1,2,42,0,0,26.55,104,3
1,1,1,45,0,0,262.375,150,1
1,1,2,0,0,0,26.55,150,3
0,1,2,41,0,0,30.5,7,3
0,1,2,48,0,0,50.4958,18,1
1,1,1,44,0,0,27.7208,31,1
1,1,1,59,2,0,51.4792,52,3
1,1,1,41,0,0,134.5,128,1
0,1,2,45,0,0,26.55,30,3
0,1,2,0,0,0,31,150,3
1,1,2,42,0,0,26.2875,123,3
1,1,1,53,0,0,27.4458,150,1
1,1,2,36,0,1,512.3292,38,1
1,1,1,58,0,1,512.3292,38,1
0,1,2,33,0,0,5,38,3
0,1,2,28,0,0,47.1,150,3
0,1,2,17,0,0,47.1,150,3
1,1,2,36,1,2,120,51,3
1,1,1,36,1,2,120,51,3
0,1,2,49,0,0,26,150,3
1,1,1,0,0,0,27.7208,150,1
0,1,2,36,1,0,78.85,70,3
1,1,1,76,1,0,78.85,70,3
0,1,2,46,1,0,61.175,125,3
1,1,1,47,1,0,61.175,125,3
1,1,1,33,1,0,53.1,137,3
1,1,1,36,0,0,262.375,41,1
1,1,1,30,0,0,86.5,45,3
1,1,2,45,0,0,29.7,17,1
0,1,2,0,0,0,0,150,3
1,1,1,26,1,0,136.7792,88,1
1,1,1,22,0,0,151.55,150,3
0,1,2,0,0,0,52,3,3
1,1,1,39,1,1,83.1583,130,1
0,1,2,37,1,1,83.1583,132,1
0,1,2,0,0,0,26.55,150,3
1,1,1,36,0,2,71,23,3
1,1,1,64,1,1,26.55,25,3
1,1,1,38,1,0,71.2833,86,1
1,1,2,51,0,0,26.55,122,3
1,1,2,27,0,0,30.5,150,3
1,1,1,33,0,0,151.55,150,3
1,1,1,27,1,2,52,43,3
1,1,2,31,1,0,57,22,3
1,1,2,53,1,1,81.8583,12,3
1,1,2,4,0,2,81.8583,12,3
1,1,1,54,1,1,81.8583,12,3
1,1,1,27,1,1,247.5208,40,1
1,1,1,48,1,0,106.425,87,1
1,1,1,48,1,0,39.6,4,1
1,1,2,49,1,0,56.9292,6,1
0,1,2,39,0,0,29.7,5,1
1,1,1,23,0,1,83.1583,74,1
1,1,1,38,0,0,227.525,69,1
1,1,1,54,1,0,78.2667,102,1
0,1,2,0,0,0,221.7792,93,3
1,1,1,0,0,0,31.6833,150,3
1,1,2,36,0,0,26.3875,124,3
1,1,1,24,3,2,263,64,3
1,1,1,28,3,2,263,64,3
0,1,2,64,1,4,263,64,3
1,1,1,30,0,0,56.9292,127,1
1,1,2,50,2,0,133.65,150,3
1,1,2,60,1,1,79.2,32,1
1,1,1,48,1,1,79.2,32,1
0,1,2,47,0,0,38.5,133,3
1,1,1,22,0,1,59.4,150,1
1,1,1,45,0,1,59.4,150,1
0,1,2,24,0,0,79.2,49,1
1,1,2,49,1,0,89.1042,91,1
1,1,1,0,1,0,89.1042,91,1
0,1,2,71,0,0,34.6542,14,1
1,1,2,53,0,0,28.5,72,1
1,1,1,19,0,0,30,33,3
0,1,2,38,0,1,153.4625,90,3
1,1,1,45,0,1,63.3583,97,1
0,1,2,46,0,0,79.2,48,1
1,1,2,25,1,0,55.4417,131,1
1,1,1,25,1,0,55.4417,131,1
1,1,2,48,1,0,76.7292,108,1
1,1,1,49,1,0,76.7292,108,1
0,1,2,0,0,0,42.4,150,3
0,1,2,45,1,0,83.475,85,3
1,1,1,35,1,0,83.475,85,3
0,1,2,40,0,0,0,50,3
1,1,2,0,0,0,30,113,3
0,1,2,55,1,1,93.5,42,3
0,1,2,0,0,0,51.8625,129,3
0,1,2,55,0,0,50,68,3
1,1,1,16,0,1,57.9792,20,1
1,1,1,44,0,1,57.9792,20,1
1,1,1,51,1,0,77.9583,98,3
0,1,2,42,1,0,52,150,3
1,1,1,35,1,0,52,150,3
1,1,2,35,0,0,26.55,150,1
1,1,2,38,1,0,90,92,3
0,1,2,0,0,0,30.6958,150,1
1,1,1,35,1,0,90,92,3
1,1,1,38,0,0,80,26,4
0,1,2,32.5,0,0,211.5,61,1
0,1,2,41,1,0,51.8625,103,3
1,1,1,0,1,0,51.8625,103,3
1,1,2,42,1,0,52.5542,101,3
1,1,1,45,1,0,52.5542,101,3
0,1,2,0,0,0,26.55,58,3
1,1,1,39,0,0,211.3375,150,3
1,1,1,49,0,0,25.9292,100,3
1,1,1,30,0,0,106.425,150,1
1,1,2,35,0,0,512.3292,19,1
0,1,2,0,0,0,27.7208,150,1
0,1,2,42,0,0,26.55,150,3
1,1,1,55,0,0,27.7208,150,1
1,1,1,16,0,1,39.4,106,3
1,1,1,51,0,1,39.4,106,3
0,1,2,30,0,0,45.5,150,3
1,1,1,15,0,1,211.3375,36,3
0,1,2,30,0,0,26,55,3
1,1,1,16,0,0,86.5,47,3
1,1,2,0,0,0,29.7,71,1
0,1,2,19,1,0,53.1,107,3
1,1,1,24,0,0,49.5042,89,1
0,1,2,46,0,0,75.2417,76,1
0,1,2,54,0,0,51.8625,129,3
1,1,2,36,0,0,26.2875,124,3
0,1,2,28,1,0,82.1708,150,1
1,1,1,0,1,0,82.1708,150,1
0,1,2,44,2,0,90,82,2
0,1,2,47,0,0,42.4,150,3
0,1,2,37,0,1,29.7,57,1
1,1,1,31,1,0,113.275,110,1
1,1,1,23,1,0,113.275,110,1
1,1,1,19,0,2,26.2833,115,3
1,1,1,39,0,0,108.9,54,1
1,1,2,0,0,0,25.7417,150,1
1,1,1,22,0,1,61.9792,29,1
0,1,2,0,0,0,0,150,3
0,1,2,23,0,0,93.5,24,3
0,1,2,18,1,0,108.9,78,1
1,1,1,17,1,0,108.9,78,1
1,1,1,30,0,0,93.5,44,3
1,1,1,43,0,1,211.3375,27,3
0,1,2,31,0,0,50.4958,9,3
0,1,2,0,0,0,50,11,3
1,1,1,33,0,0,27.7208,2,1
0,1,2,36,0,0,40.125,1,1
1,1,1,33,0,0,86.5,45,3
0,1,2,55,1,0,59.4,150,1
1,1,2,13,2,2,262.375,39,1
1,1,1,18,2,2,262.375,39,1
0,1,2,61,1,3,262.375,39,1
1,1,1,48,1,3,262.375,39,1
1,1,2,0,0,0,26,150,3
1,1,1,35,1,0,57.75,65,1
1,1,1,30,0,0,31,150,1
1,1,2,34,0,0,26.55,150,3
1,1,2,35,0,0,26.2875,123,3
1,1,2,56,0,0,35.5,10,1
1,1,2,28,0,0,35.5,15,3
0,1,2,56,0,0,26.55,150,3
0,1,2,56,0,0,30.6958,16,1
0,1,2,24,1,0,60,66,3
1,1,1,18,1,0,60,66,3
1,1,2,24,1,0,82.2667,34,3
1,1,2,6,0,2,134.5,126,1
1,1,2,45,1,1,134.5,126,1
1,1,1,0,1,0,146.5208,46,1
1,1,2,32,0,0,30.5,37,1
1,1,2,54,1,0,55.4417,56,1
1,1,1,43,1,0,55.4417,56,1
0,1,2,0,0,0,27.7208,150,1
0,1,2,67,1,0,221.7792,75,3
0,1,2,61,0,0,32.3208,116,3
1,1,1,48,0,0,25.9292,100,3
1,1,1,18,0,2,79.65,135,3
0,1,2,52,1,1,79.65,134,3
1,1,1,39,1,1,79.65,134,3
1,1,2,48,1,0,52,59,3
1,1,1,0,1,0,52,59,3
0,1,2,49,1,1,110.8833,79,1
1,1,2,17,0,2,110.8833,81,1
1,1,1,39,1,1,110.8833,79,1
1,1,1,0,0,0,79.2,150,1
0,1,2,40,0,0,27.7208,150,1
0,1,2,61,0,0,33.5,21,3
0,1,2,47,0,0,34.0208,114,3
0,1,2,64,1,0,75.25,111,1
1,1,1,60,1,0,75.25,111,1
0,1,2,54,0,1,77.2875,105,3
0,1,2,21,0,1,77.2875,105,3
1,1,1,55,0,0,135.6333,67,1
1,1,1,31,0,2,164.8667,80,3
0,1,2,57,1,1,164.8667,150,3
1,1,1,45,1,1,164.8667,150,3
0,1,2,50,1,1,211.5,83,1
0,1,2,27,0,2,211.5,84,1
1,1,1,50,1,1,211.5,83,1
0,1,2,51,0,1,61.3792,150,1
1,1,2,21,0,1,61.3792,150,1
0,1,2,0,0,0,35,60,3
1,1,2,0,0,0,35.5,73,3
0,1,2,62,0,0,26.55,150,3
1,1,1,36,0,0,135.6333,67,1
0,2,2,18,0,0,11.5,150,3
0,2,2,25,0,0,10.5,150,3
0,2,2,34,1,0,26,150,3
1,2,1,36,1,0,26,150,3
0,2,2,57,0,0,13,150,3
0,2,2,18,0,0,11.5,150,3
0,2,2,23,0,0,10.5,150,3
1,2,1,36,0,0,13,96,3
0,2,2,28,0,0,10.5,150,3
0,2,2,51,0,0,12.525,150,3
1,2,2,32,1,0,26,150,3
1,2,1,19,1,0,26,150,3
0,2,2,28,0,0,26,150,3
1,2,2,1,2,1,39,147,3
1,2,1,4,2,1,39,147,3
1,2,1,12,2,1,39,147,3
1,2,1,36,0,3,39,147,3
1,2,2,34,0,0,13,117,3
1,2,1,19,0,0,13,150,3
0,2,2,23,0,0,13,150,3
0,2,2,26,0,0,13,150,3
0,2,2,42,0,0,13,150,3
0,2,2,27,0,0,13,150,3
1,2,1,15,0,2,39,150,3
1,2,1,40,1,1,39,150,3
0,2,2,25,1,0,26,150,3
0,2,2,25,0,0,13,150,3
0,2,2,42,0,0,13,150,3
1,2,2,0.8333,0,2,29,150,3
1,2,2,26,1,1,29,150,3
0,2,2,0,0,0,0,150,3
0,2,2,19,0,0,13,150,3
0,2,2,54,1,0,26,150,3
0,2,2,52,0,0,13.5,150,3
0,2,2,37,1,0,26,150,3
1,2,1,25,1,1,30,150,3
0,2,2,29,1,0,26,150,3
0,2,2,29,0,0,10.5,150,3
1,2,2,24,0,0,10.5,150,3
1,2,1,8,0,2,26.25,150,3
0,2,2,31,1,1,26.25,150,3
1,2,1,31,1,1,26.25,150,3
1,2,1,22,0,0,10.5,145,3
0,2,1,0,0,0,21,150,3
0,2,2,21,0,0,11.5,150,3
1,2,2,8,1,1,36.75,150,3
0,2,2,18,0,0,73.5,150,3
1,2,1,28,0,0,13,150,3
0,2,2,32,0,0,13,150,3
0,2,2,17,0,0,73.5,150,3
0,2,2,25,0,0,31.5,150,3
1,2,1,18,0,1,23,150,3
1,2,1,34,0,1,23,150,3
1,2,2,8,0,2,32.5,150,3
1,2,1,34,1,1,32.5,150,3
1,2,1,30,1,0,13.8583,150,1
0,2,2,23,0,0,13,150,3
0,2,2,21,0,0,13,150,3
0,2,2,18,0,0,13,150,3
1,2,1,29,1,0,26,150,3
0,2,2,18,0,0,10.5,150,3
0,2,2,0,0,0,0,150,3
0,2,1,38,0,0,13,150,3
0,2,2,38,1,0,21,150,3
0,2,2,16,0,0,26,150,3
0,2,2,26,0,0,10.5,150,3
0,2,2,47,0,0,10.5,150,3
0,2,2,21,1,0,11.5,150,3
0,2,2,21,1,0,11.5,150,3
0,2,2,24,0,0,13,150,3
0,2,2,34,0,0,13,150,3
0,2,2,52,0,0,13,150,3
1,2,2,0.6667,1,1,14.5,150,3
1,2,1,24,0,2,14.5,150,3
0,2,2,44,0,0,13,150,3
1,2,1,6,0,1,33,150,3
0,2,2,30,0,0,10.5,150,3
1,2,1,7,0,2,26.25,150,3
0,2,2,43,1,1,26.25,150,3
1,2,1,45,1,1,26.25,150,3
0,2,2,49,1,2,65,150,3
1,2,1,48,1,2,65,150,3
1,2,1,55,0,0,16,150,3
0,2,2,24,2,0,73.5,150,3
0,2,1,18,1,1,13,150,3
1,2,1,20,2,1,23,150,3
0,2,2,36,0,0,13,150,3
1,2,1,54,1,3,23,150,3
0,2,2,50,0,0,13,150,3
0,2,2,44,1,0,26,150,3
0,2,2,21,0,0,73.5,150,3
0,2,2,33,0,0,12.275,150,3
1,2,1,17,0,0,10.5,150,3
0,2,2,42,1,0,27,150,3
1,2,1,24,2,1,27,150,3
0,2,2,47,0,0,15,150,3
0,2,2,24,2,0,31.5,150,3
0,2,2,32,0,0,10.5,150,3
1,2,1,23,0,0,13.7917,96,1
1,2,1,24,1,0,26,150,3
0,2,2,35,0,0,12.35,150,2
1,2,1,45,0,0,13.5,150,3
0,2,2,0,0,0,0,150,3
0,2,1,26,1,1,26,150,3
0,2,2,0,0,0,10.7083,150,2
1,2,1,1,1,2,41.5792,150,1
0,2,2,25,1,2,41.5792,150,1
1,2,1,22,1,2,41.5792,150,1
1,2,1,17,0,0,12,150,1
1,2,1,0,0,0,33,150,3
0,2,2,61,0,0,12.35,150,2
0,2,2,50,1,0,26,150,3
0,2,1,57,0,0,10.5,136,3
1,2,2,1,0,2,37.0042,150,1
0,2,2,31,1,1,37.0042,150,1
1,2,1,24,1,1,37.0042,150,1
0,2,2,0,0,0,15.5792,150,1
0,2,2,30,0,0,13,150,3
0,2,2,40,0,0,16,150,3
0,2,2,32,0,0,13.5,150,3
0,2,2,46,0,0,26,150,3
1,2,1,13,0,1,19.5,150,3
1,2,1,41,0,1,19.5,150,3
1,2,2,19,0,0,10.5,150,3
0,2,2,27,0,0,13,150,3
0,2,2,54,0,0,14,150,3
0,2,2,39,0,0,26,150,3
0,2,2,16,0,0,10.5,150,3
0,2,2,62,0,0,9.6875,150,2
0,2,2,32.5,1,0,30.0708,150,1
1,2,1,14,1,0,30.0708,150,1
1,2,2,2,1,1,26,144,3
0,2,2,36.5,0,2,26,144,3
0,2,2,26,0,0,13,144,3
0,2,2,19,1,1,36.75,150,3
1,2,2,20,0,0,13.8625,112,1
1,2,1,29,0,0,10.5,145,3
0,2,2,39,0,0,13,150,3
1,2,2,22,0,0,10.5,150,3
1,2,2,29,0,0,13.8583,150,1
0,2,2,28,0,0,10.5,150,3
0,2,2,0,0,0,0,150,3
1,2,1,50,0,1,26,150,3
0,2,2,19,0,0,10.5,150,3
0,2,2,0,0,0,15.05,150,1
0,2,2,41,0,0,13,150,3
0,2,2,43,0,1,21,150,3
1,2,1,32,0,0,13,150,3
0,2,2,34,0,0,13,150,3
1,2,2,30,0,0,12.7375,150,1
0,2,2,27,0,0,15.0333,150,1
1,2,1,8,1,1,26,150,3
1,2,1,33,0,2,26,150,3
0,2,2,36,0,0,10.5,150,3
0,2,2,34,1,0,21,150,3
1,2,1,30,3,0,21,150,3
1,2,1,28,0,0,13,150,3
0,2,2,23,0,0,15.0458,150,1
1,2,2,0.8333,1,1,18.75,150,3
1,2,1,24,2,3,18.75,150,3
1,2,1,50,0,0,10.5,150,3
0,2,2,19,0,0,10.5,150,3
1,2,1,21,0,0,10.5,150,3
0,2,2,26,0,0,13,150,3
0,2,2,25,0,0,13,150,3
0,2,2,27,0,0,26,150,3
1,2,1,25,0,1,26,150,3
1,2,1,18,0,2,13,150,3
1,2,1,30,0,0,13,150,3
0,2,2,59,0,0,13.5,150,3
1,2,1,30,0,0,12.35,150,2
0,2,2,25,0,0,13,150,3
0,2,2,41,0,0,15.0458,150,1
0,2,2,25,0,0,10.5,150,3
0,2,2,18.5,0,0,13,138,3
0,2,2,23,0,0,13,150,3
1,2,1,28,0,0,12.65,150,3
1,2,1,27,0,0,10.5,119,3
0,2,2,40,0,0,13,150,3
0,2,2,23,1,0,10.5,150,3
0,2,2,0,0,0,0,150,3
1,2,1,40,0,0,15.75,150,3
1,2,1,32.5,0,0,13,119,3
1,2,1,29,1,0,26,150,3
1,2,1,29,0,2,23,150,3
1,2,1,0.9167,1,2,27.75,150,3
1,2,1,33,1,2,27.75,150,3
0,2,2,66,0,0,10.5,150,3
1,2,2,0,0,0,13,150,3
1,2,1,26,0,0,13.5,150,3
0,2,1,24,0,0,13,150,3
0,3,2,42,0,0,7.55,150,3
0,3,2,13,0,2,20.25,150,3
0,3,2,16,1,1,20.25,150,3
1,3,1,35,1,1,20.25,150,3
1,3,2,20,0,0,7.925,150,3
0,3,2,30,0,0,7.25,150,3
0,3,1,40,1,0,9.475,150,3
1,3,2,0.8333,0,1,9.35,150,3
1,3,1,18,0,1,9.35,150,3
1,3,2,26,0,0,18.7875,150,1
0,3,2,20,0,0,7.925,150,3
0,3,2,24,0,0,7.05,150,3
0,3,2,35,0,0,8.05,150,3
0,3,2,18,0,0,8.3,150,3
1,3,1,19,1,0,7.8542,150,3
0,3,1,6,4,2,31.275,150,3
0,3,1,2,4,2,31.275,150,3
1,3,1,17,4,2,7.925,150,3
0,3,1,11,4,2,31.275,150,3
0,3,2,39,1,5,31.275,150,3
1,3,2,27,0,0,7.7958,150,3
0,3,2,26,0,0,7.775,150,3
0,3,2,20,0,0,7.8542,150,3
0,3,2,26,0,0,7.8958,150,3
0,3,2,25,1,0,17.8,150,3
0,3,1,18,1,0,17.8,150,3
0,3,2,24,0,0,7.775,150,3
0,3,2,5,4,2,31.3875,150,3
1,3,2,3,4,2,31.3875,150,3
0,3,2,13,4,2,31.3875,150,3
1,3,1,5,4,2,31.3875,150,3
0,3,2,40,1,5,31.3875,150,3
1,3,2,23,0,0,7.7958,150,3
1,3,1,38,1,5,31.3875,150,3
1,3,1,45,0,0,7.225,150,1
0,3,2,21,0,0,7.225,150,1
0,3,1,17,0,0,14.4583,150,1
0,3,2,30,0,0,7.225,150,1
0,3,2,23,0,0,7.8542,150,3
1,3,1,13,0,0,7.2292,150,1
0,3,2,32,1,0,15.85,150,3
1,3,1,33,3,0,15.85,150,3
1,3,1,0.75,2,1,19.2583,150,1
1,3,1,5,2,1,19.2583,150,1
1,3,1,24,0,3,19.2583,150,1
0,3,2,26,0,0,7.8958,150,3
1,3,2,20,0,0,7.2292,150,1
0,3,1,18,0,1,14.4542,150,1
0,3,1,45,0,1,14.4542,150,1
0,3,1,27,0,0,7.8792,150,2
0,3,2,22,0,0,8.05,150,3
0,3,2,19,0,0,8.05,150,3
0,3,2,0,0,0,7.2292,150,1
0,3,2,20,0,0,4.0125,150,1
0,3,2,21,0,0,7.775,150,3
0,3,2,18,0,0,7.75,150,3
0,3,2,6,1,1,15.2458,150,1
0,3,1,9,1,1,15.2458,150,1
0,3,2,0,0,0,7.225,150,1
0,3,1,0,0,2,15.2458,150,1
0,3,1,0,0,2,7.75,150,2
0,3,2,40,1,1,15.5,150,2
0,3,1,32,1,1,15.5,150,2
1,3,1,22,0,0,7.725,150,2
0,3,2,29,1,0,7.0458,150,3
0,3,2,22,0,0,7.7958,150,3
0,3,1,18.5,0,0,7.2833,150,2
0,3,2,19,0,0,6.75,150,2
0,3,1,18,0,0,7.8792,150,2
0,3,1,21,0,0,8.6625,150,3
0,3,2,18,0,0,8.6625,150,3
0,3,2,38,0,0,8.6625,150,3
0,3,2,17,0,0,8.6625,150,3
0,3,2,17,0,0,8.6625,150,3
0,3,1,21,0,0,7.75,150,2
0,3,2,0,1,0,14.4583,150,1
0,3,1,0,1,0,14.4583,150,1
0,3,2,24,0,0,7.8542,150,3
0,3,1,37,0,0,7.75,150,2
0,3,2,24,0,0,8.05,150,3
0,3,2,21,0,0,7.7333,150,2
1,3,2,32,0,0,56.4958,150,3
0,3,2,29,0,0,8.05,150,3
0,3,2,26,1,0,14.4542,150,1
0,3,2,18,1,0,14.4542,150,1
0,3,2,36,0,0,7.4958,150,3
0,3,2,31,0,0,7.7333,150,2
0,3,2,31,0,0,7.75,150,2
1,3,1,22,0,0,7.75,150,2
0,3,1,30,0,0,7.6292,150,2
0,3,2,70.5,0,0,7.75,150,2
0,3,2,43,0,0,8.05,150,3
0,3,2,35,0,0,7.8958,150,3
0,3,2,19,0,0,7.8958,150,3
1,3,2,3,1,1,15.9,150,3
1,3,1,36,0,2,15.9,150,3
0,3,2,19,0,0,8.1583,150,3
0,3,2,44,0,1,16.1,150,3
0,3,2,17,0,0,8.6625,150,3
0,3,2,22.5,0,0,7.225,150,1
1,3,2,45,0,0,8.05,150,3
1,3,1,30,0,0,6.95,150,2
1,3,2,29,0,0,7.75,150,2
0,3,2,34,1,1,14.4,150,3
0,3,2,27,0,0,7.8958,150,3
0,3,2,25,0,0,7.8958,150,3
0,3,2,24,2,0,24.15,150,3
0,3,2,22,0,0,8.05,150,3
0,3,2,21,2,0,24.15,150,3
0,3,2,17,2,0,8.05,150,3
0,3,2,0,1,0,16.1,150,3
1,3,1,0,1,0,16.1,150,3
1,3,2,36.5,1,0,17.4,150,3
1,3,1,36,1,0,17.4,150,3
1,3,2,30,0,0,9.5,150,3
0,3,2,16,0,0,9.5,150,3
1,3,2,1,1,2,20.575,150,3
1,3,1,0.1667,1,2,20.575,150,3
0,3,2,26,1,2,20.575,150,3
1,3,1,33,1,2,20.575,150,3
0,3,2,25,0,0,7.8958,150,3
0,3,2,0,0,0,7.8958,150,3
0,3,2,0,0,0,7.8958,150,3
0,3,2,22,0,0,7.25,150,3
1,3,1,19,0,0,7.8792,150,2
0,3,2,17,0,0,7.8958,150,3
0,3,2,42,0,0,8.6625,150,3
0,3,2,43,0,0,7.8958,150,3
0,3,2,32,0,0,7.75,150,2
1,3,2,19,0,0,8.05,150,3
0,3,2,33,0,0,7.8958,150,1
0,3,2,65,0,0,7.75,150,2
1,3,2,24,0,0,7.55,150,3
0,3,2,23,1,0,13.9,150,3
1,3,1,22,1,0,13.9,150,3
0,3,2,45,0,0,6.975,150,3
0,3,2,0,0,0,7.225,150,1
0,3,2,39,0,2,7.2292,150,1
0,3,2,15,1,1,7.2292,150,1
0,3,2,47,0,0,7.25,150,3
1,3,1,5,0,0,12.475,150,3
0,3,2,18,0,0,7.7958,150,3
0,3,2,0,0,0,7.75,150,2
0,3,2,0,0,0,6.95,150,2
0,3,2,26,0,0,7.8792,150,2
0,3,2,0,0,0,7.75,150,2
1,3,2,0,0,0,56.4958,150,3
0,3,2,0,0,0,8.05,150,3
0,3,2,18,2,2,34.375,150,3
0,3,1,48,1,3,34.375,150,3
0,3,2,0,0,0,7.75,150,2
0,3,2,0,0,0,7.25,150,3
0,3,2,25,0,0,7.7417,150,2
0,3,2,0,0,0,14.5,150,3
0,3,2,22,0,0,8.05,150,3
1,3,1,0,0,0,7.75,150,2
1,3,2,9,0,2,20.525,150,3
0,3,2,41,0,0,7.85,150,3
1,3,1,31,1,1,20.525,150,3
0,3,2,9,5,2,46.9,150,3
0,3,2,11,5,2,46.9,150,3
0,3,1,10,5,2,46.9,150,3
0,3,1,16,5,2,46.9,150,3
0,3,2,14,5,2,46.9,150,3
0,3,2,40,1,6,46.9,150,3
0,3,1,43,1,6,46.9,150,3
0,3,2,32,0,0,8.3625,150,3
0,3,2,0,0,0,8.05,150,3
0,3,2,37,2,0,7.925,150,3
0,3,2,19,0,0,7.775,150,3
0,3,1,17,0,0,7.7333,150,2
0,3,2,0,1,0,19.9667,150,3
0,3,2,28,1,0,15.85,150,3
1,3,1,24,1,0,15.85,150,3
0,3,2,20,0,0,9.5,150,3
0,3,2,21,0,0,7.8542,150,3
1,3,1,45,1,0,14.1083,150,3
0,3,1,0,0,0,7.55,150,3
0,3,2,25,0,0,7.25,150,3
0,3,2,0,0,0,6.8583,150,2
0,3,2,11,0,0,18.7875,150,1
1,3,1,0,0,0,7.75,150,2
1,3,2,27,0,0,6.975,150,3
1,3,2,0,0,0,56.4958,150,3
0,3,1,18,0,0,6.75,150,2
1,3,1,26,0,0,7.925,150,3
1,3,1,22,0,0,8.9625,150,3
1,3,1,2,0,1,12.2875,150,3
1,3,1,22,1,1,12.2875,150,3
0,3,2,43,0,0,6.45,150,3
0,3,2,28,0,0,22.525,150,3
1,3,1,27,0,0,7.925,150,3
0,3,2,0,0,0,7.75,150,2
1,3,1,0,0,0,8.05,150,3
0,3,2,42,0,0,7.65,142,3
1,3,2,0,0,0,7.8875,150,3
0,3,2,30,0,0,7.2292,150,1
0,3,2,0,0,0,7.8958,150,3
0,3,1,25,1,0,7.925,150,3
0,3,2,0,0,0,7.8958,150,3
1,3,2,21,0,0,7.7958,150,3
0,3,2,0,0,0,7.05,150,3
0,3,2,20,0,0,7.8542,150,3
0,3,2,48,0,0,7.8542,150,3
0,3,2,17,1,0,7.0542,150,3
1,3,1,0,0,0,7.75,150,2
1,3,2,0,0,0,8.1125,150,3
0,3,2,34,0,0,6.4958,150,3
1,3,2,26,0,0,7.775,150,3
0,3,2,22,0,0,7.7958,150,3
0,3,2,29,0,0,7.8542,150,3
0,3,2,49,0,0,0,150,3
0,3,2,33,0,0,7.775,150,3
0,3,2,19,0,0,0,150,3
1,3,1,27,0,2,11.1333,150,3
0,3,2,0,1,2,23.45,150,3
0,3,1,0,1,2,23.45,150,3
0,3,2,0,1,2,23.45,150,3
0,3,1,0,1,2,23.45,150,3
1,3,2,32,0,0,7.8542,150,3
0,3,1,20,1,0,9.825,150,3
1,3,2,32,0,0,7.925,150,3
0,3,2,21,0,0,8.4333,150,3
0,3,2,30,0,0,7.8958,150,3
1,3,2,21,0,0,7.7958,150,3
0,3,2,33,0,0,7.8542,150,3
0,3,2,22,0,0,7.5208,150,3
1,3,1,4,0,1,13.4167,150,1
0,3,2,0,0,0,7.2292,150,1
0,3,2,18.5,0,0,7.2292,150,1
0,3,2,0,0,0,7.75,150,2
0,3,2,0,0,0,7.25,150,3
1,3,1,0,0,0,7.75,150,2
0,3,2,34.5,0,0,7.8292,150,2
1,3,2,0,0,0,7.75,150,2
0,3,2,0,1,0,14.4542,150,1
0,3,1,0,1,0,14.4542,150,1
0,3,2,0,1,0,7.75,150,2
0,3,2,0,0,0,7.7375,150,2
0,3,1,22,2,0,8.6625,150,3
1,3,2,29,3,1,22.025,150,3
0,3,1,1,1,1,12.1833,150,3
0,3,1,36,0,2,12.1833,150,3
0,3,2,0,0,0,7.8958,150,1
1,3,2,25,0,0,7.2292,140,1
0,3,1,37,0,0,9.5875,150,3
0,3,2,0,0,0,56.4958,150,3
1,3,1,22,0,0,7.25,150,3
0,3,2,0,0,0,7.75,150,2
0,3,2,29,0,0,9.4833,150,3
0,3,2,29,0,0,7.775,150,3
0,3,2,22,0,0,7.775,150,3
1,3,2,22,0,0,7.225,150,1
0,3,2,0,3,1,25.4667,150,3
0,3,1,0,3,1,25.4667,150,3
0,3,2,32,0,0,7.925,150,3
0,3,2,34.5,0,0,6.4375,150,1
0,3,1,0,1,0,15.5,150,2
0,3,2,0,1,0,15.5,150,2
0,3,2,39,0,0,24.15,150,3
0,3,2,24,0,0,9.5,150,3
0,3,1,45,0,0,7.75,150,3
0,3,2,36,1,0,15.55,150,3
1,3,2,20,1,0,7.925,150,3
0,3,2,30,1,0,16.1,150,3
0,3,1,26,1,0,16.1,150,3
0,3,2,0,0,0,7.8792,150,3
0,3,2,51,0,0,7.0542,150,3
1,3,1,23,0,0,7.8542,150,3
0,3,2,0,0,0,7.55,150,3
1,3,1,0,0,0,7.75,150,2
1,3,2,24,0,0,7.1417,150,3
0,3,2,22,0,0,7.125,150,3
0,3,1,0,0,0,7.8792,150,2
0,3,2,0,0,0,7.75,150,2
0,3,2,0,0,0,8.05,150,3
0,3,2,29,0,0,7.925,150,3
1,3,2,0,0,0,7.2292,150,1
1,3,1,0,0,0,7.7375,150,2
0,3,2,0,0,0,7.2292,139,1
0,3,2,35,0,0,7.8958,150,1
0,3,2,33,0,0,7.8958,150,3
0,3,2,0,0,0,7.8958,150,1
1,3,2,0,0,0,7.75,150,2
1,3,1,0,2,0,23.25,150,2
1,3,1,0,0,0,7.8792,150,2
1,3,1,15,0,0,8.0292,150,2
0,3,2,0,0,0,7.75,150,2
0,3,2,24,1,0,16.1,150,3
0,3,1,19,1,0,16.1,150,3
0,3,1,0,0,0,8.05,150,3
0,3,1,0,0,0,8.05,150,3
0,3,2,55.5,0,0,8.05,150,3
0,3,2,0,0,0,7.75,150,2
0,3,2,0,0,0,8.05,150,3
0,3,2,21,0,0,7.8958,150,3
0,3,2,28,0,0,7.8958,150,3
0,3,2,0,0,0,7.8958,150,3
1,3,1,0,0,0,7.8792,150,2
0,3,2,25,0,0,7.65,143,3
1,3,2,6,0,1,12.475,121,3
1,3,1,27,0,1,12.475,121,3
0,3,2,0,0,0,8.05,150,3
1,3,1,0,1,0,24.15,150,2
0,3,2,34,0,0,8.05,150,3
1,3,2,0,0,0,7.775,150,3
1,3,2,0,1,1,15.2458,150,1
1,3,2,0,1,1,15.2458,150,1
1,3,1,0,0,2,15.2458,150,1
1,3,1,0,0,0,7.2292,150,1
0,3,2,0,0,0,8.05,150,3
0,3,2,0,0,0,8.05,150,3
1,3,1,0,1,0,15.5,150,2
0,3,2,22,0,0,7.8958,150,3
1,3,1,15,0,0,7.225,150,1
1,3,1,1,0,2,15.7417,150,1
1,3,2,20,1,1,15.7417,150,1
0,3,2,0,0,0,7.8958,150,3
0,3,2,0,0,0,7.2292,150,1
0,3,2,0,0,0,7.8958,150,3
1,3,1,14,1,0,11.2417,150,1
0,3,1,29,0,0,7.925,150,3
0,3,2,28,0,0,8.05,150,3
1,3,1,18,0,0,7.775,150,3
1,3,1,26,0,0,7.8542,150,3
0,3,2,41,0,0,7.125,150,3
1,3,2,39,0,0,7.925,150,3
0,3,2,28.5,0,0,7.2292,150,1
1,3,1,22,0,0,7.75,150,3
0,3,2,61,0,0,6.2375,150,3
1,3,1,0,1,0,15.5,150,2
0,3,2,0,0,0,7.7333,150,2
0,3,2,0,0,0,7.75,150,2
0,3,2,23,0,0,9.225,150,3
1,3,1,0,0,0,7.75,150,2
1,3,1,22,0,0,7.775,150,3
1,3,2,0,0,0,7.75,150,2
1,3,1,0,0,0,7.8292,150,2
1,3,2,9,0,1,3.1708,150,3
0,3,2,28,0,0,22.525,150,3
0,3,2,42,0,1,8.4042,150,3
0,3,1,31,0,0,7.8542,150,3
0,3,2,28,0,0,7.8542,150,3
1,3,2,32,0,0,7.775,150,3
0,3,2,20,0,0,9.225,150,3
0,3,1,23,0,0,8.6625,150,3
0,3,1,20,0,0,8.6625,150,3
0,3,2,20,0,0,8.6625,150,3
0,3,2,16,0,0,9.2167,150,3
1,3,1,31,0,0,8.6833,150,3
0,3,1,0,0,0,7.6292,150,2
0,3,2,6,3,1,21.075,150,3
0,3,1,8,3,1,21.075,150,3
0,3,1,29,0,4,21.075,150,3
0,3,2,1,4,1,39.6875,150,3
0,3,2,7,4,1,39.6875,150,3
0,3,2,14,4,1,39.6875,150,3
0,3,1,41,0,5,39.6875,150,3
0,3,2,21,0,0,8.6625,150,3
0,3,2,19,0,0,14.5,150,3
0,3,2,0,0,0,8.7125,150,1
0,3,2,32,0,0,7.8958,150,3
0,3,2,0.75,1,1,13.775,150,3
0,3,1,3,1,1,13.775,150,3
0,3,1,26,0,2,13.775,150,3
0,3,2,0,0,0,8.05,150,3
0,3,2,21,0,0,7.925,150,3
0,3,2,22,0,0,7.25,150,3
1,3,2,25,1,0,7.775,150,3
1,3,2,0,1,1,22.3583,150,1
1,3,1,0,1,1,22.3583,141,1
1,3,1,0,0,2,22.3583,150,1
0,3,1,0,0,0,8.1375,150,2
0,3,1,28,0,0,7.8958,150,3
0,3,2,19,0,0,7.8958,150,3
0,3,2,0,0,0,7.8958,150,3
0,3,1,18,0,0,7.775,150,3
0,3,2,0,0,0,7.8958,150,3
0,3,2,17,0,0,8.6625,150,3
0,3,2,24,0,0,8.6625,150,3
0,3,1,0,0,0,8.1125,150,3
0,3,2,38,0,0,7.8958,150,3
0,3,2,21,0,0,8.05,150,3
0,3,2,4,4,1,29.125,150,2
0,3,2,7,4,1,29.125,150,2
0,3,2,2,4,1,29.125,150,2
0,3,1,39,0,5,29.125,150,2
1,3,1,0,0,0,7.7208,150,2
0,3,2,0,0,0,14.5,150,3
0,3,2,50,1,0,14.5,150,3
0,3,1,47,1,0,14.5,150,3
0,3,2,0,0,0,8.05,150,3
0,3,2,0,0,0,7.775,150,3
0,3,1,2,1,1,20.2125,150,3
0,3,1,41,0,2,20.2125,150,3
1,3,1,0,0,0,8.05,150,3
0,3,2,50,0,0,8.05,150,3
0,3,2,16,0,0,8.05,150,3
0,3,2,0,0,0,24.15,150,2
0,3,2,25,0,0,7.225,150,1
0,3,2,0,0,0,7.225,150,1
0,3,2,38.5,0,0,7.25,150,3
0,3,2,14.5,8,2,69.55,150,3
0,3,1,0,8,2,69.55,150,3
0,3,1,0,8,2,69.55,150,3
0,3,1,0,8,2,69.55,150,3
0,3,2,0,8,2,69.55,150,3
0,3,2,0,8,2,69.55,150,3
0,3,2,0,1,9,69.55,150,3
0,3,2,24,0,0,9.325,150,3
1,3,1,21,0,0,7.65,150,3
0,3,2,0,2,0,21.6792,150,1
0,3,2,0,2,0,21.6792,150,1
0,3,2,0,2,0,21.6792,150,1
1,3,1,24,0,2,16.7,148,3
1,3,1,4,1,1,16.7,148,3
0,3,2,20,0,0,8.05,150,3
0,3,2,0,0,0,7.725,150,2
0,3,2,0,0,0,7.8958,150,3
1,3,2,29,0,0,9.5,150,3
1,3,1,0,0,0,7.7792,150,2
0,3,2,0,0,0,8.05,150,3
0,3,2,0,0,0,8.05,150,3
0,3,2,0,0,0,8.05,150,3
0,3,2,40,0,0,7.8958,150,3
0,3,2,21,0,0,7.925,150,3
0,3,2,10,3,2,27.9,150,3
0,3,1,9,3,2,27.9,150,3
0,3,2,40,1,4,27.9,150,3
0,3,2,0,0,0,8.05,150,3
0,3,2,0,0,0,8.6625,150,3
0,3,2,0,0,0,7.75,150,2
1,3,1,0,0,0,7.7333,150,2
0,3,2,19,0,0,7.65,143,3
0,3,2,0,0,0,8.05,150,3
0,3,2,32,0,0,8.05,150,3
0,3,2,21,0,0,8.05,150,3
0,3,2,60.5,0,0,0,150,3
0,3,2,19,0,0,7.8958,150,3
0,3,1,22,0,0,9.8375,150,3
1,3,2,31,0,0,7.925,150,3
0,3,2,27,0,0,8.6625,150,3
0,3,1,29,1,1,10.4625,148,3
1,3,2,16,0,0,8.05,150,3
0,3,2,25,0,0,7.05,150,3
0,3,2,74,0,0,7.775,150,3
1,3,2,14,0,0,9.225,150,3
0,3,2,24,0,0,7.7958,150,3
1,3,2,25,0,0,7.7958,150,3
0,3,2,34,0,0,8.05,150,3
1,3,2,0.4167,0,1,8.5167,150,1
0,3,2,0,1,0,6.4375,150,1
0,3,2,0,0,0,6.4375,150,1
0,3,2,0,0,0,7.225,150,1
1,3,1,16,1,1,8.5167,150,1
0,3,2,0,1,0,16.1,150,3
1,3,1,0,1,0,16.1,150,3
0,3,2,32,0,0,7.925,150,3
0,3,2,0,0,0,7.75,146,2
0,3,2,0,0,0,7.8958,150,3
0,3,2,30.5,0,0,8.05,150,3
0,3,2,44,0,0,8.05,150,3
0,3,2,0,0,0,7.2292,150,1
1,3,2,25,0,0,0,150,3
1,3,2,7,1,1,15.2458,150,1
1,3,1,9,1,1,15.2458,150,1
1,3,1,29,0,2,15.2458,150,1
1,3,1,18,0,0,9.8417,150,3
1,3,1,63,0,0,9.5875,150,3
0,3,2,11.5,1,1,14.5,150,3
0,3,1,30,1,1,24.15,150,3
0,3,2,0,0,0,9.5,150,3
0,3,2,33,0,0,9.5,150,3
0,3,2,28,0,0,9.5,150,3
0,3,2,47,0,0,9,150,3
0,3,2,16,2,0,18,150,3
1,3,2,22,0,0,7.225,150,1
0,3,2,20,0,0,7.8542,150,3
0,3,1,14,0,0,7.8542,150,3
0,3,2,22,0,0,7.8958,150,3
0,3,2,22,0,0,9,150,3
0,3,2,0,0,0,7.55,150,3
0,3,2,0,0,0,8.05,150,3
0,3,2,32.5,0,0,9.5,150,3
0,3,2,51,0,0,7.75,150,3
0,3,2,18,1,0,6.4958,150,3
1,3,1,47,1,0,7,150,3
0,3,2,0,0,0,8.7125,150,3
0,3,2,0,0,0,7.55,150,3
0,3,2,28.5,0,0,16.1,150,3
0,3,2,21,0,0,7.25,150,3
0,3,2,36,0,0,9.5,150,3
0,3,2,27,1,0,14.4542,150,1
1,3,1,15,1,0,14.4542,150,1
0,3,2,0,0,0,7.225,150,1
0,3,2,0,0,0,14.4583,150,1
0,3,2,27,0,0,7.225,150,1
0,3,2,29,0,0,7.875,150,3
0,0,3,0,0,0,0,150,4
